ROI,Frame,Wavelength,Row,Column,Intensity,Exposure started time stamp,Exposure ended time stamp
1,1,487.15639022760467,0,0,10,N/A,N/A
1,1,487.28266499289003,0,1,15,N/A,N/A
1,1,487.408935313901,0,2,12,N/A,N/A
1,1,487.53520118841311,0,3,11,N/A,N/A
1,1,487.6614626142034,0,4,14,N/A,N/A
1,1,487.78771958904838,0,5,9,N/A,N/A
1,1,487.91397211072507,0,6,9,N/A,N/A
1,1,488.04022017701107,0,7,14,N/A,N/A
1,1,488.16646378568419,0,8,11,N/A,N/A
1,1,488.29270293452242,0,9,11,N/A,N/A
1,1,488.41893762130422,0,10,13,N/A,N/A
1,1,488.54516784380854,0,11,13,N/A,N/A
1,1,488.67139359981428,0,12,11,N/A,N/A
1,1,488.79761488710108,0,13,11,N/A,N/A
1,1,488.92383170344851,0,14,14,N/A,N/A
1,1,489.0500440466368,0,15,10,N/A,N/A
1,1,489.17625191444631,0,16,12,N/A,N/A
1,1,489.30245530465794,0,17,7,N/A,N/A
1,1,489.42865421505269,0,18,11,N/A,N/A
1,1,489.55484864341213,0,19,12,N/A,N/A
1,1,489.68103858751789,0,20,14,N/A,N/A
1,1,489.80722404515222,0,21,13,N/A,N/A
1,1,489.93340501409745,0,22,11,N/A,N/A
1,1,490.05958149213643,0,23,10,N/A,N/A
1,1,490.18575347705229,0,24,9,N/A,N/A
1,1,490.31192096662841,0,25,7,N/A,N/A
1,1,490.43808395864863,0,26,13,N/A,N/A
1,1,490.56424245089704,0,27,15,N/A,N/A
1,1,490.69039644115816,0,28,10,N/A,N/A
1,1,490.81654592721679,0,29,12,N/A,N/A
1,1,490.942690906858,0,30,14,N/A,N/A
1,1,491.0688313778673,0,31,12,N/A,N/A
1,1,491.19496733803044,0,32,16,N/A,N/A
1,1,491.32109878513353,0,33,13,N/A,N/A
1,1,491.44722571696326,0,34,11,N/A,N/A
1,1,491.5733481313062,0,35,16,N/A,N/A
1,1,491.69946602594962,0,36,9,N/A,N/A
1,1,491.825579398681,0,37,8,N/A,N/A
1,1,491.95168824728819,0,38,7,N/A,N/A
1,1,492.07779256955922,0,39,12,N/A,N/A
1,1,492.2038923632827,0,40,14,N/A,N/A
1,1,492.32998762624754,0,41,9,N/A,N/A
1,1,492.45607835624281,0,42,16,N/A,N/A
1,1,492.582164551058,0,43,12,N/A,N/A
1,1,492.70824620848322,0,44,13,N/A,N/A
1,1,492.83432332630821,0,45,12,N/A,N/A
1,1,492.96039590232391,0,46,15,N/A,N/A
1,1,493.08646393432105,0,47,11,N/A,N/A
1,1,493.21252742009068,0,48,15,N/A,N/A
1,1,493.33858635742479,0,49,11,N/A,N/A
1,1,493.46464074411477,0,50,11,N/A,N/A
1,1,493.59069057795313,0,51,8,N/A,N/A
1,1,493.7167358567325,0,52,11,N/A,N/A
1,1,493.84277657824543,0,53,10,N/A,N/A
1,1,493.96881274028567,0,54,18,N/A,N/A
1,1,494.09484434064643,0,55,11,N/A,N/A
1,1,494.2208713771218,0,56,13,N/A,N/A
1,1,494.34689384750607,0,57,12,N/A,N/A
1,1,494.47291174959389,0,58,13,N/A,N/A
1,1,494.59892508117997,0,59,12,N/A,N/A
1,1,494.72493384005992,0,60,12,N/A,N/A
1,1,494.85093802402923,0,61,12,N/A,N/A
1,1,494.976937630884,0,62,11,N/A,N/A
1,1,495.1029326584204,0,63,6,N/A,N/A
1,1,495.22892310443513,0,64,11,N/A,N/A
1,1,495.3549089667253,0,65,15,N/A,N/A
1,1,495.48089024308814,0,66,14,N/A,N/A
1,1,495.60686693132146,0,67,10,N/A,N/A
1,1,495.73283902922327,0,68,10,N/A,N/A
1,1,495.85880653459185,0,69,15,N/A,N/A
1,1,495.98476944522611,0,70,13,N/A,N/A
1,1,496.11072775892507,0,71,9,N/A,N/A
1,1,496.23668147348803,0,72,7,N/A,N/A
1,1,496.36263058671483,0,73,10,N/A,N/A
1,1,496.48857509640561,0,74,12,N/A,N/A
1,1,496.61451500036077,0,75,13,N/A,N/A
1,1,496.74045029638108,0,76,14,N/A,N/A
1,1,496.86638098226757,0,77,13,N/A,N/A
1,1,496.9923070558221,0,78,11,N/A,N/A
1,1,497.11822851484612,0,79,13,N/A,N/A
1,1,497.24414535714192,0,80,12,N/A,N/A
1,1,497.37005758051208,0,81,12,N/A,N/A
1,1,497.49596518275951,0,82,14,N/A,N/A
1,1,497.6218681616873,0,83,10,N/A,N/A
1,1,497.747766515099,0,84,13,N/A,N/A
1,1,497.87366024079853,0,85,7,N/A,N/A
1,1,497.99954933659029,0,86,11,N/A,N/A
1,1,498.12543380027859,0,87,13,N/A,N/A
1,1,498.25131362966869,0,88,16,N/A,N/A
1,1,498.37718882256559,0,89,10,N/A,N/A
1,1,498.50305937677513,0,90,10,N/A,N/A
1,1,498.62892529010321,0,91,8,N/A,N/A
1,1,498.75478656035619,0,92,14,N/A,N/A
1,1,498.88064318534072,0,93,14,N/A,N/A
1,1,499.006495162864,0,94,13,N/A,N/A
1,1,499.13234249073309,0,95,15,N/A,N/A
1,1,499.25818516675594,0,96,12,N/A,N/A
1,1,499.38402318874063,0,97,17,N/A,N/A
1,1,499.5098565544954,0,98,9,N/A,N/A
1,1,499.63568526182928,0,99,12,N/A,N/A
1,1,499.76150930855113,0,100,14,N/A,N/A
1,1,499.88732869247065,0,101,9,N/A,N/A
1,1,500.01314341139749,0,102,12,N/A,N/A
1,1,500.13895346314183,0,103,11,N/A,N/A
1,1,500.26475884551439,0,104,8,N/A,N/A
1,1,500.39055955632574,0,105,16,N/A,N/A
1,1,500.51635559338729,0,106,16,N/A,N/A
1,1,500.64214695451068,0,107,16,N/A,N/A
1,1,500.76793363750755,0,108,13,N/A,N/A
1,1,500.89371564019052,0,109,7,N/A,N/A
1,1,501.01949296037185,0,110,14,N/A,N/A
1,1,501.14526559586483,0,111,15,N/A,N/A
1,1,501.27103354448258,0,112,12,N/A,N/A
1,1,501.39679680403879,0,113,12,N/A,N/A
1,1,501.52255537234754,0,114,7,N/A,N/A
1,1,501.64830924722332,0,115,16,N/A,N/A
1,1,501.77405842648062,0,116,15,N/A,N/A
1,1,501.89980290793477,0,117,14,N/A,N/A
1,1,502.02554268940094,0,118,14,N/A,N/A
1,1,502.15127776869525,0,119,9,N/A,N/A
1,1,502.27700814363351,0,120,15,N/A,N/A
1,1,502.40273381203247,0,121,15,N/A,N/A
1,1,502.52845477170877,0,122,9,N/A,N/A
1,1,502.65417102047974,0,123,19,N/A,N/A
1,1,502.77988255616293,0,124,11,N/A,N/A
1,1,502.90558937657624,0,125,12,N/A,N/A
1,1,503.03129147953786,0,126,13,N/A,N/A
1,1,503.15698886286651,0,127,12,N/A,N/A
1,1,503.282681524381,0,128,16,N/A,N/A
1,1,503.4083694619008,0,129,12,N/A,N/A
1,1,503.53405267324564,0,130,11,N/A,N/A
1,1,503.65973115623541,0,131,11,N/A,N/A
1,1,503.7854049086904,0,132,11,N/A,N/A
1,1,503.91107392843168,0,133,8,N/A,N/A
1,1,504.03673821328016,0,134,11,N/A,N/A
1,1,504.16239776105721,0,135,16,N/A,N/A
1,1,504.28805256958475,0,136,11,N/A,N/A
1,1,504.413702636685,0,137,15,N/A,N/A
1,1,504.53934796018035,0,138,14,N/A,N/A
1,1,504.66498853789381,0,139,12,N/A,N/A
1,1,504.79062436764849,0,140,9,N/A,N/A
1,1,504.91625544726804,0,141,15,N/A,N/A
1,1,505.04188177457638,0,142,16,N/A,N/A
1,1,505.16750334739794,0,143,14,N/A,N/A
1,1,505.29312016355715,0,144,14,N/A,N/A
1,1,505.41873222087924,0,145,6,N/A,N/A
1,1,505.54433951718948,0,146,13,N/A,N/A
1,1,505.66994205031358,0,147,17,N/A,N/A
1,1,505.79553981807777,0,148,20,N/A,N/A
1,1,505.92113281830831,0,149,18,N/A,N/A
1,1,506.04672104883213,0,150,17,N/A,N/A
1,1,506.17230450747638,0,151,14,N/A,N/A
1,1,506.29788319206864,0,152,16,N/A,N/A
1,1,506.42345710043668,0,153,11,N/A,N/A
1,1,506.54902623040891,0,154,9,N/A,N/A
1,1,506.67459057981358,0,155,16,N/A,N/A
1,1,506.80015014648012,0,156,14,N/A,N/A
1,1,506.92570492823751,0,157,10,N/A,N/A
1,1,507.05125492291552,0,158,11,N/A,N/A
1,1,507.17680012834427,0,159,10,N/A,N/A
1,1,507.302340542354,0,160,11,N/A,N/A
1,1,507.4278761627757,0,161,14,N/A,N/A
1,1,507.55340698744027,0,162,14,N/A,N/A
1,1,507.67893301417939,0,163,13,N/A,N/A
1,1,507.80445424082473,0,164,9,N/A,N/A
1,1,507.92997066520854,0,165,16,N/A,N/A
1,1,508.05548228516335,0,166,7,N/A,N/A
1,1,508.18098909852222,0,167,8,N/A,N/A
1,1,508.30649110311833,0,168,13,N/A,N/A
1,1,508.43198829678522,0,169,14,N/A,N/A
1,1,508.55748067735715,0,170,16,N/A,N/A
1,1,508.68296824266838,0,171,12,N/A,N/A
1,1,508.80845099055358,0,172,15,N/A,N/A
1,1,508.933928918848,0,173,20,N/A,N/A
1,1,509.05940202538693,0,174,12,N/A,N/A
1,1,509.18487030800628,0,175,14,N/A,N/A
1,1,509.31033376454218,0,176,15,N/A,N/A
1,1,509.43579239283122,0,177,15,N/A,N/A
1,1,509.56124619071028,0,178,12,N/A,N/A
1,1,509.68669515601681,0,179,14,N/A,N/A
1,1,509.81213928658809,0,180,14,N/A,N/A
1,1,509.93757858026248,0,181,14,N/A,N/A
1,1,510.06301303487805,0,182,7,N/A,N/A
1,1,510.18844264827385,0,183,18,N/A,N/A
1,1,510.31386741828862,0,184,13,N/A,N/A
1,1,510.43928734276204,0,185,12,N/A,N/A
1,1,510.56470241953389,0,186,16,N/A,N/A
1,1,510.69011264644433,0,187,15,N/A,N/A
1,1,510.815518021334,0,188,5,N/A,N/A
1,1,510.94091854204373,0,189,9,N/A,N/A
1,1,511.0663142064148,0,190,12,N/A,N/A
1,1,511.19170501228893,0,191,15,N/A,N/A
1,1,511.31709095750813,0,192,11,N/A,N/A
1,1,511.44247203991461,0,193,11,N/A,N/A
1,1,511.56784825735139,0,194,11,N/A,N/A
1,1,511.69321960766126,0,195,9,N/A,N/A
1,1,511.818586088688,0,196,14,N/A,N/A
1,1,511.94394769827534,0,197,12,N/A,N/A
1,1,512.06930443426745,0,198,13,N/A,N/A
1,1,512.194656294509,0,199,14,N/A,N/A
1,1,512.32000327684477,0,200,16,N/A,N/A
1,1,512.44534537912034,0,201,12,N/A,N/A
1,1,512.570682599181,0,202,13,N/A,N/A
1,1,512.69601493487335,0,203,14,N/A,N/A
1,1,512.82134238404319,0,204,14,N/A,N/A
1,1,512.94666494453782,0,205,14,N/A,N/A
1,1,513.0719826142041,0,206,7,N/A,N/A
1,1,513.19729539088962,0,207,14,N/A,N/A
1,1,513.32260327244239,0,208,11,N/A,N/A
1,1,513.44790625671033,0,209,10,N/A,N/A
1,1,513.57320434154246,0,210,14,N/A,N/A
1,1,513.69849752478763,0,211,12,N/A,N/A
1,1,513.82378580429508,0,212,11,N/A,N/A
1,1,513.94906917791479,0,213,14,N/A,N/A
1,1,514.07434764349659,0,214,15,N/A,N/A
1,1,514.19962119889112,0,215,14,N/A,N/A
1,1,514.32488984194936,0,216,11,N/A,N/A
1,1,514.45015357052228,0,217,15,N/A,N/A
1,1,514.57541238246154,0,218,15,N/A,N/A
1,1,514.700666275619,0,219,14,N/A,N/A
1,1,514.82591524784721,0,220,9,N/A,N/A
1,1,514.95115929699875,0,221,13,N/A,N/A
1,1,515.07639842092658,0,222,18,N/A,N/A
1,1,515.20163261748428,0,223,16,N/A,N/A
1,1,515.32686188452567,0,224,12,N/A,N/A
1,1,515.45208621990491,0,225,13,N/A,N/A
1,1,515.57730562147651,0,226,21,N/A,N/A
1,1,515.70252008709542,0,227,19,N/A,N/A
1,1,515.82772961461683,0,228,17,N/A,N/A
1,1,515.9529342018966,0,229,19,N/A,N/A
1,1,516.07813384679071,0,230,23,N/A,N/A
1,1,516.20332854715537,0,231,17,N/A,N/A
1,1,516.32851830084792,0,232,14,N/A,N/A
1,1,516.4537031057248,0,233,14,N/A,N/A
1,1,516.578882959644,0,234,17,N/A,N/A
1,1,516.70405786046342,0,235,12,N/A,N/A
1,1,516.8292278060411,0,236,17,N/A,N/A
1,1,516.954392794236,0,237,18,N/A,N/A
1,1,517.07955282290686,0,238,16,N/A,N/A
1,1,517.20470788991315,0,239,14,N/A,N/A
1,1,517.32985799311484,0,240,9,N/A,N/A
1,1,517.45500313037178,0,241,14,N/A,N/A
1,1,517.58014329954483,0,242,21,N/A,N/A
1,1,517.70527849849452,0,243,22,N/A,N/A
1,1,517.83040872508252,0,244,18,N/A,N/A
1,1,517.95553397717026,0,245,20,N/A,N/A
1,1,518.08065425261964,0,246,18,N/A,N/A
1,1,518.20576954929322,0,247,15,N/A,N/A
1,1,518.33087986505382,0,248,9,N/A,N/A
1,1,518.45598519776456,0,249,20,N/A,N/A
1,1,518.58108554528894,0,250,18,N/A,N/A
1,1,518.70618090549067,0,251,16,N/A,N/A
1,1,518.83127127623447,0,252,18,N/A,N/A
1,1,518.95635665538464,0,253,18,N/A,N/A
1,1,519.08143704080624,0,254,21,N/A,N/A
1,1,519.2065124303648,0,255,21,N/A,N/A
1,1,519.33158282192608,0,256,18,N/A,N/A
1,1,519.45664821335629,0,257,18,N/A,N/A
1,1,519.58170860252187,0,258,18,N/A,N/A
1,1,519.70676398728972,0,259,18,N/A,N/A
1,1,519.83181436552718,0,260,18,N/A,N/A
1,1,519.956859735102,0,261,12,N/A,N/A
1,1,520.081900093882,0,262,23,N/A,N/A
1,1,520.20693543973607,0,263,33,N/A,N/A
1,1,520.33196577053241,0,264,19,N/A,N/A
1,1,520.45699108414078,0,265,14,N/A,N/A
1,1,520.58201137843037,0,266,16,N/A,N/A
1,1,520.70702665127124,0,267,15,N/A,N/A
1,1,520.83203690053358,0,268,20,N/A,N/A
1,1,520.95704212408828,0,269,10,N/A,N/A
1,1,521.08204231980642,0,270,17,N/A,N/A
1,1,521.20703748555945,0,271,18,N/A,N/A
1,1,521.33202761921893,0,272,19,N/A,N/A
1,1,521.45701271865755,0,273,18,N/A,N/A
1,1,521.58199278174766,0,274,24,N/A,N/A
1,1,521.70696780636206,0,275,20,N/A,N/A
1,1,521.83193779037435,0,276,16,N/A,N/A
1,1,521.95690273165837,0,277,17,N/A,N/A
1,1,522.081862628088,0,278,19,N/A,N/A
1,1,522.20681747753781,0,279,20,N/A,N/A
1,1,522.3317672778827,0,280,20,N/A,N/A
1,1,522.45671202699793,0,281,18,N/A,N/A
1,1,522.58165172275926,0,282,17,N/A,N/A
1,1,522.70658636304256,0,283,14,N/A,N/A
1,1,522.83151594572428,0,284,24,N/A,N/A
1,1,522.95644046868131,0,285,22,N/A,N/A
1,1,523.08135992979078,0,286,20,N/A,N/A
1,1,523.20627432693,0,287,21,N/A,N/A
1,1,523.33118365797725,0,288,25,N/A,N/A
1,1,523.45608792081077,0,289,24,N/A,N/A
1,1,523.58098711330911,0,290,23,N/A,N/A
1,1,523.70588123335153,0,291,26,N/A,N/A
1,1,523.83077027881734,0,292,24,N/A,N/A
1,1,523.95565424758661,0,293,26,N/A,N/A
1,1,524.08053313753942,0,294,24,N/A,N/A
1,1,524.20540694655642,0,295,32,N/A,N/A
1,1,524.3302756725185,0,296,35,N/A,N/A
1,1,524.45513931330731,0,297,31,N/A,N/A
1,1,524.57999786680443,0,298,30,N/A,N/A
1,1,524.704851330892,0,299,29,N/A,N/A
1,1,524.82969970345266,0,300,23,N/A,N/A
1,1,524.95454298236928,0,301,31,N/A,N/A
1,1,525.07938116552532,0,302,26,N/A,N/A
1,1,525.20421425080406,0,303,37,N/A,N/A
1,1,525.32904223609012,0,304,30,N/A,N/A
1,1,525.45386511926768,0,305,26,N/A,N/A
1,1,525.57868289822159,0,306,32,N/A,N/A
1,1,525.703495570837,0,307,34,N/A,N/A
1,1,525.82830313499983,0,308,29,N/A,N/A
1,1,525.9531055885958,0,309,29,N/A,N/A
1,1,526.07790292951131,0,310,27,N/A,N/A
1,1,526.20269515563336,0,311,23,N/A,N/A
1,1,526.3274822648491,0,312,29,N/A,N/A
1,1,526.452264255046,0,313,37,N/A,N/A
1,1,526.5770411241117,0,314,36,N/A,N/A
1,1,526.70181286993511,0,315,39,N/A,N/A
1,1,526.82657949040458,0,316,37,N/A,N/A
1,1,526.95134098340918,0,317,32,N/A,N/A
1,1,527.07609734683854,0,318,40,N/A,N/A
1,1,527.20084857858251,0,319,38,N/A,N/A
1,1,527.3255946765313,0,320,35,N/A,N/A
1,1,527.45033563857567,0,321,29,N/A,N/A
1,1,527.57507146260662,0,322,36,N/A,N/A
1,1,527.69980214651548,0,323,36,N/A,N/A
1,1,527.82452768819428,0,324,38,N/A,N/A
1,1,527.94924808553492,0,325,44,N/A,N/A
1,1,528.07396333643032,0,326,39,N/A,N/A
1,1,528.19867343877331,0,327,41,N/A,N/A
1,1,528.32337839045726,0,328,39,N/A,N/A
1,1,528.44807818937591,0,329,40,N/A,N/A
1,1,528.57277283342341,0,330,40,N/A,N/A
1,1,528.69746232049442,0,331,39,N/A,N/A
1,1,528.82214664848379,0,332,48,N/A,N/A
1,1,528.94682581528673,0,333,36,N/A,N/A
1,1,529.07149981879923,0,334,40,N/A,N/A
1,1,529.19616865691728,0,335,38,N/A,N/A
1,1,529.32083232753712,0,336,37,N/A,N/A
1,1,529.445490828556,0,337,38,N/A,N/A
1,1,529.570144157871,0,338,48,N/A,N/A
1,1,529.69479231337982,0,339,41,N/A,N/A
1,1,529.81943529298053,0,340,48,N/A,N/A
1,1,529.94407309457154,0,341,49,N/A,N/A
1,1,530.0687057160518,0,342,48,N/A,N/A
1,1,530.19333315532037,0,343,45,N/A,N/A
1,1,530.31795541027714,0,344,47,N/A,N/A
1,1,530.44257247882183,0,345,47,N/A,N/A
1,1,530.56718435885489,0,346,46,N/A,N/A
1,1,530.69179104827731,0,347,46,N/A,N/A
1,1,530.81639254499021,0,348,49,N/A,N/A
1,1,530.94098884689515,0,349,47,N/A,N/A
1,1,531.06557995189394,0,350,54,N/A,N/A
1,1,531.19016585788927,0,351,49,N/A,N/A
1,1,531.31474656278374,0,352,42,N/A,N/A
1,1,531.43932206448051,0,353,41,N/A,N/A
1,1,531.56389236088319,0,354,53,N/A,N/A
1,1,531.68845744989551,0,355,49,N/A,N/A
1,1,531.81301732942211,0,356,46,N/A,N/A
1,1,531.93757199736751,0,357,55,N/A,N/A
1,1,532.062121451637,0,358,51,N/A,N/A
1,1,532.186665690136,0,359,57,N/A,N/A
1,1,532.31120471077043,0,360,58,N/A,N/A
1,1,532.43573851144663,0,361,51,N/A,N/A
1,1,532.56026709007131,0,362,60,N/A,N/A
1,1,532.68479044455148,0,363,59,N/A,N/A
1,1,532.80930857279475,0,364,67,N/A,N/A
1,1,532.933821472709,0,365,75,N/A,N/A
1,1,533.05832914220252,0,366,96,N/A,N/A
1,1,533.18283157918393,0,367,99,N/A,N/A
1,1,533.30732878156232,0,368,107,N/A,N/A
1,1,533.43182074724723,0,369,130,N/A,N/A
1,1,533.55630747414841,0,370,135,N/A,N/A
1,1,533.6807889601763,0,371,126,N/A,N/A
1,1,533.80526520324145,0,372,149,N/A,N/A
1,1,533.92973620125485,0,373,141,N/A,N/A
1,1,534.0542019521281,0,374,149,N/A,N/A
1,1,534.17866245377309,0,375,133,N/A,N/A
1,1,534.30311770410185,0,376,131,N/A,N/A
1,1,534.4275677010271,0,377,130,N/A,N/A
1,1,534.55201244246211,0,378,128,N/A,N/A
1,1,534.67645192632,0,379,134,N/A,N/A
1,1,534.80088615051488,0,380,136,N/A,N/A
1,1,534.9253151129609,0,381,139,N/A,N/A
1,1,535.04973881157275,0,382,140,N/A,N/A
1,1,535.1741572442653,0,383,144,N/A,N/A
1,1,535.298570408954,0,384,147,N/A,N/A
1,1,535.42297830355483,0,385,153,N/A,N/A
1,1,535.54738092598393,0,386,139,N/A,N/A
1,1,535.671778274158,0,387,134,N/A,N/A
1,1,535.79617034599391,0,388,150,N/A,N/A
1,1,535.92055713940931,0,389,171,N/A,N/A
1,1,536.04493865232189,0,390,161,N/A,N/A
1,1,536.16931488264993,0,391,147,N/A,N/A
1,1,536.293685828312,0,392,174,N/A,N/A
1,1,536.41805148722722,0,393,179,N/A,N/A
1,1,536.54241185731485,0,394,187,N/A,N/A
1,1,536.66676693649492,0,395,175,N/A,N/A
1,1,536.79111672268766,0,396,194,N/A,N/A
1,1,536.9154612138135,0,397,195,N/A,N/A
1,1,537.03980040779356,0,398,201,N/A,N/A
1,1,537.16413430254931,0,399,213,N/A,N/A
1,1,537.28846289600256,0,400,216,N/A,N/A
1,1,537.41278618607555,0,401,247,N/A,N/A
1,1,537.537104170691,0,402,262,N/A,N/A
1,1,537.66141684777176,0,403,282,N/A,N/A
1,1,537.78572421524143,0,404,307,N/A,N/A
1,1,537.91002627102364,0,405,348,N/A,N/A
1,1,538.03432301304281,0,406,375,N/A,N/A
1,1,538.1586144392237,0,407,442,N/A,N/A
1,1,538.28290054749107,0,408,446,N/A,N/A
1,1,538.40718133577059,0,409,463,N/A,N/A
1,1,538.53145680198793,0,410,530,N/A,N/A
1,1,538.65572694406956,0,411,537,N/A,N/A
1,1,538.77999175994182,0,412,553,N/A,N/A
1,1,538.9042512475321,0,413,531,N/A,N/A
1,1,539.02850540476777,0,414,511,N/A,N/A
1,1,539.15275422957666,0,415,529,N/A,N/A
1,1,539.27699771988694,0,416,516,N/A,N/A
1,1,539.40123587362746,0,417,557,N/A,N/A
1,1,539.52546868872719,0,418,600,N/A,N/A
1,1,539.64969616311566,0,419,659,N/A,N/A
1,1,539.77391829472276,0,420,740,N/A,N/A
1,1,539.89813508147881,0,421,771,N/A,N/A
1,1,540.02234652131438,0,422,833,N/A,N/A
1,1,540.14655261216069,0,423,952,N/A,N/A
1,1,540.27075335194922,0,424,946,N/A,N/A
1,1,540.39494873861179,0,425,918,N/A,N/A
1,1,540.51913877008087,0,426,962,N/A,N/A
1,1,540.64332344428919,0,427,1011,N/A,N/A
1,1,540.7675027591697,0,428,985,N/A,N/A
1,1,540.89167671265591,0,429,1076,N/A,N/A
1,1,541.01584530268212,0,430,1156,N/A,N/A
1,1,541.14000852718232,0,431,1386,N/A,N/A
1,1,541.26416638409137,0,432,1552,N/A,N/A
1,1,541.38831887134438,0,433,1738,N/A,N/A
1,1,541.512465986877,0,434,2014,N/A,N/A
1,1,541.63660772862534,0,435,2289,N/A,N/A
1,1,541.76074409452542,0,436,2589,N/A,N/A
1,1,541.8848750825141,0,437,2882,N/A,N/A
1,1,542.00900069052886,0,438,3303,N/A,N/A
1,1,542.13312091650721,0,439,3540,N/A,N/A
1,1,542.25723575838686,0,440,3768,N/A,N/A
1,1,542.38134521410666,0,441,3819,N/A,N/A
1,1,542.505449281605,0,442,3849,N/A,N/A
1,1,542.62954795882138,0,443,3643,N/A,N/A
1,1,542.75364124369548,0,444,3613,N/A,N/A
1,1,542.87772913416723,0,445,3593,N/A,N/A
1,1,543.00181162817694,0,446,3576,N/A,N/A
1,1,543.12588872366564,0,447,3548,N/A,N/A
1,1,543.2499604185748,0,448,3591,N/A,N/A
1,1,543.37402671084567,0,449,3721,N/A,N/A
1,1,543.49808759842074,0,450,3735,N/A,N/A
1,1,543.62214307924228,0,451,3791,N/A,N/A
1,1,543.74619315125324,0,452,3723,N/A,N/A
1,1,543.87023781239691,0,453,3615,N/A,N/A
1,1,543.99427706061715,0,454,3562,N/A,N/A
1,1,544.11831089385794,0,455,3505,N/A,N/A
1,1,544.24233931006393,0,456,3348,N/A,N/A
1,1,544.36636230718,0,457,3296,N/A,N/A
1,1,544.49037988315172,0,458,3237,N/A,N/A
1,1,544.61439203592465,0,459,3096,N/A,N/A
1,1,544.738398763445,0,460,2988,N/A,N/A
1,1,544.86240006365938,0,461,2959,N/A,N/A
1,1,544.986395934515,0,462,2834,N/A,N/A
1,1,545.110386373959,0,463,2665,N/A,N/A
1,1,545.23437137993938,0,464,2625,N/A,N/A
1,1,545.35835095040431,0,465,2573,N/A,N/A
1,1,545.48232508330238,0,466,2712,N/A,N/A
1,1,545.6062937765829,0,467,3188,N/A,N/A
1,1,545.7302570281953,0,468,3766,N/A,N/A
1,1,545.85421483608923,0,469,5000,N/A,N/A
1,1,545.97816719821526,0,470,6371,N/A,N/A
1,1,546.10211411252385,0,471,6135,N/A,N/A
1,1,546.22605557696636,0,472,5514,N/A,N/A
1,1,546.34999158949438,0,473,3791,N/A,N/A
1,1,546.47392214805961,0,474,2204,N/A,N/A
1,1,546.59784725061456,0,475,1717,N/A,N/A
1,1,546.721766895112,0,476,1338,N/A,N/A
1,1,546.84568107950508,0,477,1171,N/A,N/A
1,1,546.96958980174759,0,478,1057,N/A,N/A
1,1,547.09349305979322,0,479,1036,N/A,N/A
1,1,547.21739085159686,0,480,930,N/A,N/A
1,1,547.341283175113,0,481,901,N/A,N/A
1,1,547.46517002829694,0,482,890,N/A,N/A
1,1,547.58905140910451,0,483,862,N/A,N/A
1,1,547.7129273154917,0,484,831,N/A,N/A
1,1,547.836797745415,0,485,831,N/A,N/A
1,1,547.96066269683138,0,486,820,N/A,N/A
1,1,548.0845221676982,0,487,848,N/A,N/A
1,1,548.20837615597316,0,488,828,N/A,N/A
1,1,548.33222465961455,0,489,868,N/A,N/A
1,1,548.45606767658069,0,490,888,N/A,N/A
1,1,548.57990520483088,0,491,946,N/A,N/A
1,1,548.70373724232434,0,492,975,N/A,N/A
1,1,548.827563787021,0,493,1011,N/A,N/A
1,1,548.95138483688106,0,494,1042,N/A,N/A
1,1,549.07520038986513,0,495,1080,N/A,N/A
1,1,549.19901044393453,0,496,1111,N/A,N/A
1,1,549.32281499705027,0,497,1079,N/A,N/A
1,1,549.44661404717476,0,498,1052,N/A,N/A
1,1,549.57040759227016,0,499,996,N/A,N/A
1,1,549.69419563029908,0,500,953,N/A,N/A
1,1,549.81797815922482,0,501,915,N/A,N/A
1,1,549.94175517701092,0,502,892,N/A,N/A
1,1,550.06552668162146,0,503,816,N/A,N/A
1,1,550.18929267102067,0,504,764,N/A,N/A
1,1,550.31305314317365,0,505,738,N/A,N/A
1,1,550.43680809604541,0,506,739,N/A,N/A
1,1,550.56055752760165,0,507,694,N/A,N/A
1,1,550.68430143580849,0,508,732,N/A,N/A
1,1,550.80803981863255,0,509,697,N/A,N/A
1,1,550.93177267404064,0,510,702,N/A,N/A
1,1,551.0555,0,511,715,N/A,N/A
1,1,551.17922179447874,0,512,679,N/A,N/A
1,1,551.30293805544466,0,513,694,N/A,N/A
1,1,551.42664878086646,0,514,719,N/A,N/A
1,1,551.55035396871335,0,515,700,N/A,N/A
1,1,551.67405361695444,0,516,711,N/A,N/A
1,1,551.79774772356,0,517,701,N/A,N/A
1,1,551.9214362864999,0,518,718,N/A,N/A
1,1,552.04511930374508,0,519,710,N/A,N/A
1,1,552.16879677326642,0,520,694,N/A,N/A
1,1,552.29246869303586,0,521,666,N/A,N/A
1,1,552.416135061025,0,522,699,N/A,N/A
1,1,552.53979587520632,0,523,700,N/A,N/A
1,1,552.66345113355271,0,524,677,N/A,N/A
1,1,552.78710083403735,0,525,640,N/A,N/A
1,1,552.91074497463364,0,526,631,N/A,N/A
1,1,553.034383553316,0,527,571,N/A,N/A
1,1,553.15801656805877,0,528,560,N/A,N/A
1,1,553.28164401683671,0,529,542,N/A,N/A
1,1,553.40526589762544,0,530,508,N/A,N/A
1,1,553.52888220840043,0,531,471,N/A,N/A
1,1,553.652492947138,0,532,451,N/A,N/A
1,1,553.77609811181458,0,533,421,N/A,N/A
1,1,553.89969770040727,0,534,357,N/A,N/A
1,1,554.02329171089366,0,535,374,N/A,N/A
1,1,554.14688014125159,0,536,331,N/A,N/A
1,1,554.270462989459,0,537,314,N/A,N/A
1,1,554.394040253495,0,538,265,N/A,N/A
1,1,554.51761193133837,0,539,256,N/A,N/A
1,1,554.64117802096894,0,540,223,N/A,N/A
1,1,554.76473852036645,0,541,215,N/A,N/A
1,1,554.88829342751148,0,542,199,N/A,N/A
1,1,555.01184274038485,0,543,200,N/A,N/A
1,1,555.13538645696758,0,544,182,N/A,N/A
1,1,555.25892457524139,0,545,180,N/A,N/A
1,1,555.38245709318869,0,546,167,N/A,N/A
1,1,555.50598400879176,0,547,167,N/A,N/A
1,1,555.62950532003356,0,548,161,N/A,N/A
1,1,555.75302102489729,0,549,160,N/A,N/A
1,1,555.87653112136684,0,550,155,N/A,N/A
1,1,556.00003560742653,0,551,144,N/A,N/A
1,1,556.123534481061,0,552,140,N/A,N/A
1,1,556.24702774025513,0,553,143,N/A,N/A
1,1,556.37051538299465,0,554,145,N/A,N/A
1,1,556.49399740726528,0,555,133,N/A,N/A
1,1,556.6174738110534,0,556,135,N/A,N/A
1,1,556.74094459234573,0,557,138,N/A,N/A
1,1,556.86440974912955,0,558,138,N/A,N/A
1,1,556.9878692793925,0,559,133,N/A,N/A
1,1,557.11132318112243,0,560,141,N/A,N/A
1,1,557.234771452308,0,561,127,N/A,N/A
1,1,557.35821409093819,0,562,126,N/A,N/A
1,1,557.481651095002,0,563,127,N/A,N/A
1,1,557.60508246248935,0,564,133,N/A,N/A
1,1,557.72850819139046,0,565,126,N/A,N/A
1,1,557.85192827969581,0,566,118,N/A,N/A
1,1,557.97534272539656,0,567,132,N/A,N/A
1,1,558.09875152648419,0,568,119,N/A,N/A
1,1,558.22215468095033,0,569,114,N/A,N/A
1,1,558.34555218678747,0,570,113,N/A,N/A
1,1,558.46894404198838,0,571,117,N/A,N/A
1,1,558.592330244546,0,572,124,N/A,N/A
1,1,558.71571079245427,0,573,118,N/A,N/A
1,1,558.83908568370691,0,574,116,N/A,N/A
1,1,558.96245491629861,0,575,103,N/A,N/A
1,1,559.08581848822416,0,576,105,N/A,N/A
1,1,559.2091763974787,0,577,113,N/A,N/A
1,1,559.33252864205815,0,578,115,N/A,N/A
1,1,559.45587521995867,0,579,101,N/A,N/A
1,1,559.57921612917676,0,580,106,N/A,N/A
1,1,559.70255136770948,0,581,103,N/A,N/A
1,1,559.82588093355423,0,582,97,N/A,N/A
1,1,559.949204824709,0,583,95,N/A,N/A
1,1,560.07252303917221,0,584,100,N/A,N/A
1,1,560.19583557494218,0,585,106,N/A,N/A
1,1,560.31914243001847,0,586,100,N/A,N/A
1,1,560.44244360240054,0,587,91,N/A,N/A
1,1,560.56573909008853,0,588,90,N/A,N/A
1,1,560.68902889108267,0,589,82,N/A,N/A
1,1,560.81231300338391,0,590,102,N/A,N/A
1,1,560.93559142499385,0,591,88,N/A,N/A
1,1,561.05886415391387,0,592,88,N/A,N/A
1,1,561.1821311881464,0,593,86,N/A,N/A
1,1,561.305392525694,0,594,87,N/A,N/A
1,1,561.42864816455949,0,595,99,N/A,N/A
1,1,561.55189810274669,0,596,81,N/A,N/A
1,1,561.67514233825932,0,597,83,N/A,N/A
1,1,561.79838086910183,0,598,88,N/A,N/A
1,1,561.92161369327891,0,599,86,N/A,N/A
1,1,562.0448408087957,0,600,105,N/A,N/A
1,1,562.16806221365812,0,601,98,N/A,N/A
1,1,562.29127790587177,0,602,80,N/A,N/A
1,1,562.4144878834436,0,603,79,N/A,N/A
1,1,562.53769214438023,0,604,82,N/A,N/A
1,1,562.6608906866893,0,605,81,N/A,N/A
1,1,562.78408350837833,0,606,80,N/A,N/A
1,1,562.90727060745576,0,607,80,N/A,N/A
1,1,563.03045198193013,0,608,76,N/A,N/A
1,1,563.15362762981067,0,609,81,N/A,N/A
1,1,563.27679754910685,0,610,62,N/A,N/A
1,1,563.39996173782856,0,611,82,N/A,N/A
1,1,563.52312019398619,0,612,76,N/A,N/A
1,1,563.64627291559077,0,613,63,N/A,N/A
1,1,563.76941990065347,0,614,69,N/A,N/A
1,1,563.8925611471858,0,615,65,N/A,N/A
1,1,564.01569665320017,0,616,80,N/A,N/A
1,1,564.138826416709,0,617,65,N/A,N/A
1,1,564.26195043572523,0,618,58,N/A,N/A
1,1,564.38506870826257,0,619,72,N/A,N/A
1,1,564.50818123233455,0,620,63,N/A,N/A
1,1,564.63128800595575,0,621,61,N/A,N/A
1,1,564.75438902714086,0,622,55,N/A,N/A
1,1,564.877484293905,0,623,58,N/A,N/A
1,1,565.00057380426381,0,624,54,N/A,N/A
1,1,565.1236575562333,0,625,54,N/A,N/A
1,1,565.24673554783,0,626,50,N/A,N/A
1,1,565.36980777707072,0,627,63,N/A,N/A
1,1,565.492874241973,0,628,57,N/A,N/A
1,1,565.61593494055455,0,629,66,N/A,N/A
1,1,565.73898987083373,0,630,54,N/A,N/A
1,1,565.8620390308289,0,631,56,N/A,N/A
1,1,565.9850824185595,0,632,53,N/A,N/A
1,1,566.10812003204489,0,633,64,N/A,N/A
1,1,566.231151869305,0,634,51,N/A,N/A
1,1,566.3541779283604,0,635,53,N/A,N/A
1,1,566.47719820723194,0,636,63,N/A,N/A
1,1,566.60021270394054,0,637,59,N/A,N/A
1,1,566.72322141650852,0,638,54,N/A,N/A
1,1,566.84622434295773,0,639,50,N/A,N/A
1,1,566.96922148131068,0,640,58,N/A,N/A
1,1,567.09221282959049,0,641,51,N/A,N/A
1,1,567.21519838582071,0,642,54,N/A,N/A
1,1,567.33817814802524,0,643,65,N/A,N/A
1,1,567.46115211422853,0,644,54,N/A,N/A
1,1,567.584120282455,0,645,54,N/A,N/A
1,1,567.70708265073029,0,646,54,N/A,N/A
1,1,567.83003921708,0,647,53,N/A,N/A
1,1,567.95298997953,0,648,55,N/A,N/A
1,1,568.075934936107,0,649,58,N/A,N/A
1,1,568.19887408483817,0,650,59,N/A,N/A
1,1,568.32180742375067,0,651,58,N/A,N/A
1,1,568.44473495087243,0,652,68,N/A,N/A
1,1,568.56765666423178,0,653,65,N/A,N/A
1,1,568.69057256185738,0,654,74,N/A,N/A
1,1,568.81348264177859,0,655,61,N/A,N/A
1,1,568.936386902025,0,656,63,N/A,N/A
1,1,569.05928534062639,0,657,71,N/A,N/A
1,1,569.18217795561372,0,658,59,N/A,N/A
1,1,569.3050647450176,0,659,53,N/A,N/A
1,1,569.42794570686965,0,660,57,N/A,N/A
1,1,569.55082083920149,0,661,55,N/A,N/A
1,1,569.67369014004555,0,662,51,N/A,N/A
1,1,569.79655360743448,0,663,52,N/A,N/A
1,1,569.91941123940137,0,664,64,N/A,N/A
1,1,570.04226303397991,0,665,68,N/A,N/A
1,1,570.1651089892041,0,666,52,N/A,N/A
1,1,570.2879491031083,0,667,54,N/A,N/A
1,1,570.41078337372767,0,668,57,N/A,N/A
1,1,570.53361179909734,0,669,57,N/A,N/A
1,1,570.65643437725328,0,670,61,N/A,N/A
1,1,570.77925110623175,0,671,64,N/A,N/A
1,1,570.90206198406929,0,672,51,N/A,N/A
1,1,571.02486700880308,0,673,57,N/A,N/A
1,1,571.14766617847067,0,674,51,N/A,N/A
1,1,571.27045949111016,0,675,46,N/A,N/A
1,1,571.39324694475988,0,676,48,N/A,N/A
1,1,571.51602853745885,0,677,58,N/A,N/A
1,1,571.63880426724643,0,678,79,N/A,N/A
1,1,571.7615741321622,0,679,68,N/A,N/A
1,1,571.88433813024665,0,680,70,N/A,N/A
1,1,572.00709625954028,0,681,71,N/A,N/A
1,1,572.12984851808437,0,682,71,N/A,N/A
1,1,572.25259490392023,0,683,79,N/A,N/A
1,1,572.37533541509015,0,684,75,N/A,N/A
1,1,572.49807004963645,0,685,65,N/A,N/A
1,1,572.62079880560191,0,686,76,N/A,N/A
1,1,572.74352168103007,0,687,78,N/A,N/A
1,1,572.86623867396452,0,688,76,N/A,N/A
1,1,572.98894978244982,0,689,69,N/A,N/A
1,1,573.11165500453023,0,690,78,N/A,N/A
1,1,573.23435433825091,0,691,76,N/A,N/A
1,1,573.35704778165768,0,692,80,N/A,N/A
1,1,573.47973533279651,0,693,85,N/A,N/A
1,1,573.60241698971379,0,694,82,N/A,N/A
1,1,573.72509275045627,0,695,81,N/A,N/A
1,1,573.8477626130715,0,696,81,N/A,N/A
1,1,573.97042657560723,0,697,76,N/A,N/A
1,1,574.09308463611148,0,698,92,N/A,N/A
1,1,574.21573679263327,0,699,92,N/A,N/A
1,1,574.3383830432216,0,700,89,N/A,N/A
1,1,574.461023385926,0,701,87,N/A,N/A
1,1,574.58365781879638,0,702,100,N/A,N/A
1,1,574.70628633988349,0,703,100,N/A,N/A
1,1,574.82890894723812,0,704,84,N/A,N/A
1,1,574.95152563891145,0,705,91,N/A,N/A
1,1,575.07413641295545,0,706,99,N/A,N/A
1,1,575.19674126742245,0,707,104,N/A,N/A
1,1,575.3193402003651,0,708,91,N/A,N/A
1,1,575.44193320983641,0,709,107,N/A,N/A
1,1,575.56452029389015,0,710,100,N/A,N/A
1,1,575.68710145058026,0,711,108,N/A,N/A
1,1,575.80967667796142,0,712,115,N/A,N/A
1,1,575.93224597408823,0,713,118,N/A,N/A
1,1,576.05480933701654,0,714,121,N/A,N/A
1,1,576.1773667648016,0,715,119,N/A,N/A
1,1,576.2999182555003,0,716,148,N/A,N/A
1,1,576.42246380716892,0,717,195,N/A,N/A
1,1,576.545003417865,0,718,306,N/A,N/A
1,1,576.6675370856459,0,719,466,N/A,N/A
1,1,576.79006480856981,0,720,789,N/A,N/A
1,1,576.9125865846953,0,721,894,N/A,N/A
1,1,577.0351024120813,0,722,842,N/A,N/A
1,1,577.15761228878716,0,723,687,N/A,N/A
1,1,577.28011621287294,0,724,380,N/A,N/A
1,1,577.40261418239891,0,725,219,N/A,N/A
1,1,577.52510619542568,0,726,177,N/A,N/A
1,1,577.64759225001478,0,727,153,N/A,N/A
1,1,577.77007234422751,0,728,150,N/A,N/A
1,1,577.89254647612631,0,729,153,N/A,N/A
1,1,578.01501464377372,0,730,155,N/A,N/A
1,1,578.13747684523264,0,731,150,N/A,N/A
1,1,578.25993307856663,0,732,148,N/A,N/A
1,1,578.38238334183961,0,733,155,N/A,N/A
1,1,578.504827633116,0,734,191,N/A,N/A
1,1,578.62726595046047,0,735,277,N/A,N/A
1,1,578.74969829193867,0,736,419,N/A,N/A
1,1,578.87212465561583,0,737,656,N/A,N/A
1,1,578.9945450395586,0,738,862,N/A,N/A
1,1,579.11695944183327,0,739,829,N/A,N/A
1,1,579.23936786050717,0,740,745,N/A,N/A
1,1,579.36177029364774,0,741,530,N/A,N/A
1,1,579.48416673932309,0,742,403,N/A,N/A
1,1,579.60655719560145,0,743,409,N/A,N/A
1,1,579.72894166055175,0,744,417,N/A,N/A
1,1,579.85132013224359,0,745,473,N/A,N/A
1,1,579.97369260874655,0,746,535,N/A,N/A
1,1,580.09605908813091,0,747,627,N/A,N/A
1,1,580.21841956846754,0,748,695,N/A,N/A
1,1,580.34077404782738,0,749,785,N/A,N/A
1,1,580.4631225242822,0,750,743,N/A,N/A
1,1,580.58546499590386,0,751,659,N/A,N/A
1,1,580.70780146076515,0,752,558,N/A,N/A
1,1,580.830131916939,0,753,452,N/A,N/A
1,1,580.95245636249854,0,754,397,N/A,N/A
1,1,581.074774795518,0,755,377,N/A,N/A
1,1,581.19708721407164,0,756,413,N/A,N/A
1,1,581.31939361623415,0,757,406,N/A,N/A
1,1,581.44169400008082,0,758,444,N/A,N/A
1,1,581.56398836368737,0,759,472,N/A,N/A
1,1,581.6862767051299,0,760,490,N/A,N/A
1,1,581.80855902248516,0,761,537,N/A,N/A
1,1,581.93083531383,0,762,541,N/A,N/A
1,1,582.053105577242,0,763,525,N/A,N/A
1,1,582.17536981079934,0,764,552,N/A,N/A
1,1,582.29762801258016,0,765,557,N/A,N/A
1,1,582.41988018066354,0,766,563,N/A,N/A
1,1,582.54212631312851,0,767,570,N/A,N/A
1,1,582.66436640805534,0,768,603,N/A,N/A
1,1,582.786600463524,0,769,643,N/A,N/A
1,1,582.90882847761509,0,770,680,N/A,N/A
1,1,583.03105044841,0,771,736,N/A,N/A
1,1,583.15326637399039,0,772,809,N/A,N/A
1,1,583.275476252438,0,773,889,N/A,N/A
1,1,583.39768008183569,0,774,862,N/A,N/A
1,1,583.51987786026609,0,775,928,N/A,N/A
1,1,583.642069585813,0,776,884,N/A,N/A
1,1,583.76425525656009,0,777,836,N/A,N/A
1,1,583.886434870592,0,778,860,N/A,N/A
1,1,584.0086084259932,0,779,851,N/A,N/A
1,1,584.13077592084915,0,780,827,N/A,N/A
1,1,584.25293735324556,0,781,834,N/A,N/A
1,1,584.3750927212684,0,782,803,N/A,N/A
1,1,584.49724202300456,0,783,791,N/A,N/A
1,1,584.61938525654114,0,784,715,N/A,N/A
1,1,584.74152241996558,0,785,700,N/A,N/A
1,1,584.863653511366,0,786,664,N/A,N/A
1,1,584.98577852883068,0,787,627,N/A,N/A
1,1,585.10789747044873,0,788,629,N/A,N/A
1,1,585.23001033430944,0,789,600,N/A,N/A
1,1,585.35211711850275,0,790,600,N/A,N/A
1,1,585.47421782111894,0,791,573,N/A,N/A
1,1,585.59631244024865,0,792,579,N/A,N/A
1,1,585.71840097398342,0,793,544,N/A,N/A
1,1,585.84048342041444,0,794,588,N/A,N/A
1,1,585.96255977763428,0,795,558,N/A,N/A
1,1,586.08463004373527,0,796,537,N/A,N/A
1,1,586.20669421681066,0,797,575,N/A,N/A
1,1,586.32875229495392,0,798,566,N/A,N/A
1,1,586.45080427625885,0,799,621,N/A,N/A
1,1,586.57285015882019,0,800,632,N/A,N/A
1,1,586.69488994073265,0,801,691,N/A,N/A
1,1,586.81692362009153,0,802,817,N/A,N/A
1,1,586.9389511949928,0,803,975,N/A,N/A
1,1,587.06097266353254,0,804,1101,N/A,N/A
1,1,587.18298802380764,0,805,1329,N/A,N/A
1,1,587.30499727391543,0,806,1412,N/A,N/A
1,1,587.42700041195337,0,807,1475,N/A,N/A
1,1,587.54899743601948,0,808,1387,N/A,N/A
1,1,587.67098834421256,0,809,1225,N/A,N/A
1,1,587.79297313463155,0,810,1117,N/A,N/A
1,1,587.914951805376,0,811,942,N/A,N/A
1,1,588.0369243545457,0,812,882,N/A,N/A
1,1,588.15889078024145,0,813,812,N/A,N/A
1,1,588.28085108056371,0,814,775,N/A,N/A
1,1,588.40280525361413,0,815,728,N/A,N/A
1,1,588.5247532974945,0,816,653,N/A,N/A
1,1,588.6466952103068,0,817,648,N/A,N/A
1,1,588.76863099015407,0,818,626,N/A,N/A
1,1,588.89056063513931,0,819,577,N/A,N/A
1,1,589.01248414336635,0,820,561,N/A,N/A
1,1,589.13440151293912,0,821,561,N/A,N/A
1,1,589.25631274196246,0,822,543,N/A,N/A
1,1,589.37821782854121,0,823,565,N/A,N/A
1,1,589.50011677078078,0,824,526,N/A,N/A
1,1,589.62200956678748,0,825,556,N/A,N/A
1,1,589.74389621466753,0,826,573,N/A,N/A
1,1,589.8657767125278,0,827,545,N/A,N/A
1,1,589.98765105847565,0,828,526,N/A,N/A
1,1,590.109519250619,0,829,546,N/A,N/A
1,1,590.231381287066,0,830,544,N/A,N/A
1,1,590.35323716592552,0,831,525,N/A,N/A
1,1,590.475086885307,0,832,512,N/A,N/A
1,1,590.59693044331959,0,833,505,N/A,N/A
1,1,590.71876783807375,0,834,507,N/A,N/A
1,1,590.84059906768,0,835,498,N/A,N/A
1,1,590.96242413024947,0,836,484,N/A,N/A
1,1,591.08424302389392,0,837,459,N/A,N/A
1,1,591.20605574672481,0,838,455,N/A,N/A
1,1,591.32786229685507,0,839,451,N/A,N/A
1,1,591.44966267239738,0,840,421,N/A,N/A
1,1,591.5714568714651,0,841,434,N/A,N/A
1,1,591.6932448921724,0,842,458,N/A,N/A
1,1,591.81502673263321,0,843,433,N/A,N/A
1,1,591.93680239096273,0,844,455,N/A,N/A
1,1,592.05857186527589,0,845,475,N/A,N/A
1,1,592.18033515368847,0,846,495,N/A,N/A
1,1,592.30209225431679,0,847,535,N/A,N/A
1,1,592.42384316527739,0,848,553,N/A,N/A
1,1,592.54558788468739,0,849,612,N/A,N/A
1,1,592.66732641066449,0,850,665,N/A,N/A
1,1,592.78905874132647,0,851,704,N/A,N/A
1,1,592.91078487479217,0,852,793,N/A,N/A
1,1,593.03250480918041,0,853,825,N/A,N/A
1,1,593.15421854261069,0,854,854,N/A,N/A
1,1,593.27592607320287,0,855,839,N/A,N/A
1,1,593.39762739907735,0,856,788,N/A,N/A
1,1,593.519322518355,0,857,659,N/A,N/A
1,1,593.64101142915717,0,858,640,N/A,N/A
1,1,593.76269412960551,0,859,547,N/A,N/A
1,1,593.88437061782236,0,860,490,N/A,N/A
1,1,594.00604089193041,0,861,414,N/A,N/A
1,1,594.12770495005293,0,862,377,N/A,N/A
1,1,594.24936279031351,0,863,339,N/A,N/A
1,1,594.37101441083632,0,864,309,N/A,N/A
1,1,594.49265980974587,0,865,280,N/A,N/A
1,1,594.61429898516724,0,866,269,N/A,N/A
1,1,594.73593193522606,0,867,268,N/A,N/A
1,1,594.85755865804822,0,868,244,N/A,N/A
1,1,594.97917915176026,0,869,244,N/A,N/A
1,1,595.10079341448886,0,870,227,N/A,N/A
1,1,595.22240144436182,0,871,228,N/A,N/A
1,1,595.34400323950672,0,872,221,N/A,N/A
1,1,595.46559879805193,0,873,241,N/A,N/A
1,1,595.58718811812628,0,874,226,N/A,N/A
1,1,595.70877119785916,0,875,236,N/A,N/A
1,1,595.83034803538021,0,876,233,N/A,N/A
1,1,595.95191862881973,0,877,240,N/A,N/A
1,1,596.07348297630824,0,878,243,N/A,N/A
1,1,596.195041075977,0,879,235,N/A,N/A
1,1,596.31659292595771,0,880,214,N/A,N/A
1,1,596.43813852438234,0,881,217,N/A,N/A
1,1,596.55967786938345,0,882,233,N/A,N/A
1,1,596.68121095909419,0,883,216,N/A,N/A
1,1,596.80273779164793,0,884,249,N/A,N/A
1,1,596.92425836517884,0,885,215,N/A,N/A
1,1,597.045772677821,0,886,211,N/A,N/A
1,1,597.16728072770968,0,887,224,N/A,N/A
1,1,597.28878251298022,0,888,215,N/A,N/A
1,1,597.41027803176837,0,889,211,N/A,N/A
1,1,597.53176728221035,0,890,223,N/A,N/A
1,1,597.65325026244318,0,891,220,N/A,N/A
1,1,597.77472697060421,0,892,231,N/A,N/A
1,1,597.89619740483079,0,893,247,N/A,N/A
1,1,598.01766156326141,0,894,266,N/A,N/A
1,1,598.13911944403492,0,895,278,N/A,N/A
1,1,598.26057104529,0,896,280,N/A,N/A
1,1,598.38201636516669,0,897,333,N/A,N/A
1,1,598.503455401805,0,898,328,N/A,N/A
1,1,598.62488815334541,0,899,363,N/A,N/A
1,1,598.746314617929,0,900,382,N/A,N/A
1,1,598.86773479369731,0,901,396,N/A,N/A
1,1,598.98914867879239,0,902,436,N/A,N/A
1,1,599.11055627135647,0,903,438,N/A,N/A
1,1,599.23195756953271,0,904,458,N/A,N/A
1,1,599.35335257146448,0,905,469,N/A,N/A
1,1,599.47474127529563,0,906,483,N/A,N/A
1,1,599.59612367917055,0,907,494,N/A,N/A
1,1,599.7174997812341,0,908,490,N/A,N/A
1,1,599.83886957963136,0,909,495,N/A,N/A
1,1,599.96023307250834,0,910,459,N/A,N/A
1,1,600.08159025801115,0,911,422,N/A,N/A
1,1,600.20294113428668,0,912,424,N/A,N/A
1,1,600.32428569948206,0,913,363,N/A,N/A
1,1,600.44562395174489,0,914,336,N/A,N/A
1,1,600.56695588922321,0,915,302,N/A,N/A
1,1,600.68828151006585,0,916,298,N/A,N/A
1,1,600.80960081242188,0,917,253,N/A,N/A
1,1,600.93091379444081,0,918,262,N/A,N/A
1,1,601.05222045427274,0,919,250,N/A,N/A
1,1,601.173520790068,0,920,237,N/A,N/A
1,1,601.29481479997764,0,921,235,N/A,N/A
1,1,601.41610248215329,0,922,235,N/A,N/A
1,1,601.537383834747,0,923,220,N/A,N/A
1,1,601.65865885591074,0,924,208,N/A,N/A
1,1,601.77992754379773,0,925,185,N/A,N/A
1,1,601.90118989656128,0,926,197,N/A,N/A
1,1,602.02244591235512,0,927,164,N/A,N/A
1,1,602.14369558933367,0,928,170,N/A,N/A
1,1,602.26493892565179,0,929,170,N/A,N/A
1,1,602.38617591946445,0,930,176,N/A,N/A
1,1,602.50740656892776,0,931,160,N/A,N/A
1,1,602.62863087219773,0,932,164,N/A,N/A
1,1,602.74984882743126,0,933,158,N/A,N/A
1,1,602.87106043278516,0,934,155,N/A,N/A
1,1,602.99226568641745,0,935,150,N/A,N/A
1,1,603.113464586486,0,936,162,N/A,N/A
1,1,603.23465713114967,0,937,169,N/A,N/A
1,1,603.35584331856728,0,938,166,N/A,N/A
1,1,603.47702314689855,0,939,147,N/A,N/A
1,1,603.59819661430333,0,940,159,N/A,N/A
1,1,603.71936371894242,0,941,161,N/A,N/A
1,1,603.84052445897657,0,942,176,N/A,N/A
1,1,603.96167883256737,0,943,182,N/A,N/A
1,1,604.08282683787672,0,944,171,N/A,N/A
1,1,604.203968473067,0,945,173,N/A,N/A
1,1,604.32510373630123,0,946,192,N/A,N/A
1,1,604.4462326257426,0,947,179,N/A,N/A
1,1,604.56735513955516,0,948,181,N/A,N/A
1,1,604.688471275903,0,949,195,N/A,N/A
1,1,604.80958103295131,0,950,186,N/A,N/A
1,1,604.930684408865,0,951,190,N/A,N/A
1,1,605.05178140181,0,952,173,N/A,N/A
1,1,605.17287200995258,0,953,187,N/A,N/A
1,1,605.29395623145945,0,954,184,N/A,N/A
1,1,605.41503406449772,0,955,191,N/A,N/A
1,1,605.53610550723522,0,956,181,N/A,N/A
1,1,605.65717055784012,0,957,188,N/A,N/A
1,1,605.7782292144808,0,958,195,N/A,N/A
1,1,605.89928147532669,0,959,195,N/A,N/A
1,1,606.02032733854719,0,960,205,N/A,N/A
1,1,606.14136680231252,0,961,199,N/A,N/A
1,1,606.26239986479311,0,962,198,N/A,N/A
1,1,606.3834265241602,0,963,207,N/A,N/A
1,1,606.50444677858491,0,964,212,N/A,N/A
1,1,606.62546062623971,0,965,222,N/A,N/A
1,1,606.74646806529677,0,966,229,N/A,N/A
1,1,606.86746909392923,0,967,231,N/A,N/A
1,1,606.98846371031038,0,968,237,N/A,N/A
1,1,607.10945191261419,0,969,235,N/A,N/A
1,1,607.23043369901507,0,970,256,N/A,N/A
1,1,607.35140906768788,0,971,253,N/A,N/A
1,1,607.472378016808,0,972,287,N/A,N/A
1,1,607.59334054455132,0,973,283,N/A,N/A
1,1,607.71429664909408,0,974,291,N/A,N/A
1,1,607.83524632861315,0,975,299,N/A,N/A
1,1,607.9561895812858,0,976,336,N/A,N/A
1,1,608.07712640528973,0,977,355,N/A,N/A
1,1,608.19805679880335,0,978,331,N/A,N/A
1,1,608.31898076000516,0,979,384,N/A,N/A
1,1,608.43989828707458,0,980,403,N/A,N/A
1,1,608.56080937819115,0,981,419,N/A,N/A
1,1,608.68171403153508,0,982,460,N/A,N/A
1,1,608.80261224528715,0,983,488,N/A,N/A
1,1,608.92350401762837,0,984,525,N/A,N/A
1,1,609.04438934674045,0,985,584,N/A,N/A
1,1,609.1652682308054,0,986,637,N/A,N/A
1,1,609.28614066800583,0,987,649,N/A,N/A
1,1,609.40700665652491,0,988,754,N/A,N/A
1,1,609.527866194546,0,989,812,N/A,N/A
1,1,609.64871928025343,0,990,899,N/A,N/A
1,1,609.76956591183136,0,991,1012,N/A,N/A
1,1,609.89040608746507,0,992,1130,N/A,N/A
1,1,610.01123980533987,0,993,1274,N/A,N/A
1,1,610.13206706364178,0,994,1413,N/A,N/A
1,1,610.25288786055739,0,995,1702,N/A,N/A
1,1,610.37370219427351,0,996,2035,N/A,N/A
1,1,610.49451006297738,0,997,2462,N/A,N/A
1,1,610.61531146485731,0,998,3068,N/A,N/A
1,1,610.73610639810124,0,999,3940,N/A,N/A
1,1,610.85689486089836,0,1000,5124,N/A,N/A
1,1,610.977676851438,0,1001,6524,N/A,N/A
1,1,611.09845236790989,0,1002,7884,N/A,N/A
1,1,611.21922140850427,0,1003,9046,N/A,N/A
1,1,611.33998397141215,0,1004,9347,N/A,N/A
1,1,611.46074005482467,0,1005,8800,N/A,N/A
1,1,611.58148965693374,0,1006,7713,N/A,N/A
1,1,611.70223277593152,0,1007,6376,N/A,N/A
1,1,611.82296941001073,0,1008,5198,N/A,N/A
1,1,611.94369955736477,0,1009,4248,N/A,N/A
1,1,612.06442321618715,0,1010,3573,N/A,N/A
1,1,612.1851403846722,0,1011,3042,N/A,N/A
1,1,612.30585106101444,0,1012,2666,N/A,N/A
1,1,612.42655524340921,0,1013,2416,N/A,N/A
1,1,612.5472529300522,0,1014,2238,N/A,N/A
1,1,612.66794411913941,0,1015,2184,N/A,N/A
1,1,612.78862880886766,0,1016,2111,N/A,N/A
1,1,612.90930699743376,0,1017,2087,N/A,N/A
1,1,613.02997868303555,0,1018,2070,N/A,N/A
1,1,613.1506438638711,0,1019,1921,N/A,N/A
1,1,613.27130253813891,0,1020,1895,N/A,N/A
1,1,613.3919547040382,0,1021,1718,N/A,N/A
1,1,613.512600359768,0,1022,1583,N/A,N/A
1,1,613.63323950352913,0,1023,1493,N/A,N/A
